{
  "num_images": 100,
  "num_gt_boxes": 192,
  "sample_per_class": 20,
  "seed": 42,
  "models": {
    "yolo": {
      "map50": 0.9104639205946816,
      "map50_95": 0.6863746152857424,
      "precision50": 0.1760154738878143,
      "recall50": 0.9479166666666666,
      "per_class50": {
        "drill": {
          "gt": 30,
          "pred": 130,
          "tp": 27,
          "fp": 103,
          "precision": 0.2076923076923077,
          "recall": 0.9,
          "ap": 0.8654650900900902
        },
        "hammer": {
          "gt": 30,
          "pred": 325,
          "tp": 30,
          "fp": 295,
          "precision": 0.09230769230769231,
          "recall": 1.0,
          "ap": 0.9703863942183448
        },
        "pliers": {
          "gt": 34,
          "pred": 80,
          "tp": 33,
          "fp": 47,
          "precision": 0.4125,
          "recall": 0.9705882352941176,
          "ap": 0.9397997850820312
        },
        "screwdriver": {
          "gt": 55,
          "pred": 414,
          "tp": 53,
          "fp": 361,
          "precision": 0.1280193236714976,
          "recall": 0.9636363636363636,
          "ap": 0.9129021538340341
        },
        "wrench": {
          "gt": 43,
          "pred": 85,
          "tp": 39,
          "fp": 46,
          "precision": 0.4588235294117647,
          "recall": 0.9069767441860465,
          "ap": 0.8637661797489073
        }
      },
      "avg_time_sec": 0.035751685999275654
    },
    "owl_vit": {
      "map50": 0.339319307892948,
      "map50_95": 0.21511090976441402,
      "precision50": 0.10827374872318693,
      "recall50": 0.5520833333333334,
      "per_class50": {
        "drill": {
          "gt": 30,
          "pred": 158,
          "tp": 25,
          "fp": 133,
          "precision": 0.15822784810126583,
          "recall": 0.8333333333333334,
          "ap": 0.4651414074464149
        },
        "hammer": {
          "gt": 30,
          "pred": 59,
          "tp": 13,
          "fp": 46,
          "precision": 0.22033898305084745,
          "recall": 0.43333333333333335,
          "ap": 0.36073517126148713
        },
        "pliers": {
          "gt": 34,
          "pred": 192,
          "tp": 18,
          "fp": 174,
          "precision": 0.09375,
          "recall": 0.5294117647058824,
          "ap": 0.2717123394049684
        },
        "screwdriver": {
          "gt": 55,
          "pred": 147,
          "tp": 18,
          "fp": 129,
          "precision": 0.12244897959183673,
          "recall": 0.32727272727272727,
          "ap": 0.1881746386897245
        },
        "wrench": {
          "gt": 43,
          "pred": 423,
          "tp": 32,
          "fp": 391,
          "precision": 0.07565011820330969,
          "recall": 0.7441860465116279,
          "ap": 0.4108329826621451
        }
      },
      "avg_time_sec": 0.05276897700066911
    },
    "owlv2": {
      "map50": 0.6790628309133934,
      "map50_95": 0.45307902889701246,
      "precision50": 0.09502262443438914,
      "recall50": 0.875,
      "per_class50": {
        "drill": {
          "gt": 30,
          "pred": 168,
          "tp": 26,
          "fp": 142,
          "precision": 0.15476190476190477,
          "recall": 0.8666666666666667,
          "ap": 0.7675903350748648
        },
        "hammer": {
          "gt": 30,
          "pred": 138,
          "tp": 16,
          "fp": 122,
          "precision": 0.11594202898550725,
          "recall": 0.5333333333333333,
          "ap": 0.4366481694038794
        },
        "pliers": {
          "gt": 34,
          "pred": 145,
          "tp": 31,
          "fp": 114,
          "precision": 0.21379310344827587,
          "recall": 0.9117647058823529,
          "ap": 0.8568490141154502
        },
        "screwdriver": {
          "gt": 55,
          "pred": 778,
          "tp": 54,
          "fp": 724,
          "precision": 0.06940874035989718,
          "recall": 0.9818181818181818,
          "ap": 0.6121798869678338
        },
        "wrench": {
          "gt": 43,
          "pred": 539,
          "tp": 41,
          "fp": 498,
          "precision": 0.07606679035250463,
          "recall": 0.9534883720930233,
          "ap": 0.7220467490049386
        }
      },
      "avg_time_sec": 0.632679828000546
    },
    "grounding_dino": {
      "map50": 0.032833060407929035,
      "map50_95": 0.0208396432330734,
      "precision50": 0.022411347517730495,
      "recall50": 0.4114583333333333,
      "per_class50": {
        "drill": {
          "gt": 30,
          "pred": 2017,
          "tp": 29,
          "fp": 1988,
          "precision": 0.014377788795240456,
          "recall": 0.9666666666666667,
          "ap": 0.07801525677670165
        },
        "hammer": {
          "gt": 30,
          "pred": 318,
          "tp": 8,
          "fp": 310,
          "precision": 0.025157232704402517,
          "recall": 0.26666666666666666,
          "ap": 0.008263099910486814
        },
        "pliers": {
          "gt": 34,
          "pred": 459,
          "tp": 13,
          "fp": 446,
          "precision": 0.02832244008714597,
          "recall": 0.38235294117647056,
          "ap": 0.018519427035048927
        },
        "screwdriver": {
          "gt": 55,
          "pred": 403,
          "tp": 15,
          "fp": 388,
          "precision": 0.03722084367245657,
          "recall": 0.2727272727272727,
          "ap": 0.03348058519917816
        },
        "wrench": {
          "gt": 43,
          "pred": 328,
          "tp": 14,
          "fp": 314,
          "precision": 0.042682926829268296,
          "recall": 0.32558139534883723,
          "ap": 0.025886933118229625
        }
      },
      "avg_time_sec": 0.29511891899979675
    }
  }
}