{
  "num_images": 10,
  "num_gt_boxes": 14,
  "sample_per_class": 2,
  "seed": 42,
  "models": {
    "yolo": {
      "map50": 0.9666666666666666,
      "map50_95": 0.7228333333333332,
      "precision50": 0.15384615384615385,
      "recall50": 1.0,
      "per_class50": {
        "drill": {
          "gt": 5,
          "pred": 30,
          "tp": 5,
          "fp": 25,
          "precision": 0.16666666666666666,
          "recall": 1.0,
          "ap": 1.0
        },
        "hammer": {
          "gt": 2,
          "pred": 24,
          "tp": 2,
          "fp": 22,
          "precision": 0.08333333333333333,
          "recall": 1.0,
          "ap": 1.0
        },
        "pliers": {
          "gt": 2,
          "pred": 4,
          "tp": 2,
          "fp": 2,
          "precision": 0.5,
          "recall": 1.0,
          "ap": 1.0
        },
        "screwdriver": {
          "gt": 2,
          "pred": 20,
          "tp": 2,
          "fp": 18,
          "precision": 0.1,
          "recall": 1.0,
          "ap": 0.8333333333333333
        },
        "wrench": {
          "gt": 3,
          "pred": 13,
          "tp": 3,
          "fp": 10,
          "precision": 0.23076923076923078,
          "recall": 1.0,
          "ap": 1.0
        }
      },
      "avg_time_sec": 0.10632151000609155
    },
    "owl_vit": {
      "map50": 0.29353801169590643,
      "map50_95": 0.1679937533227007,
      "precision50": 0.026442307692307692,
      "recall50": 0.7857142857142857,
      "per_class50": {
        "drill": {
          "gt": 5,
          "pred": 85,
          "tp": 3,
          "fp": 82,
          "precision": 0.03529411764705882,
          "recall": 0.6,
          "ap": 0.225
        },
        "hammer": {
          "gt": 2,
          "pred": 18,
          "tp": 2,
          "fp": 16,
          "precision": 0.1111111111111111,
          "recall": 1.0,
          "ap": 0.625
        },
        "pliers": {
          "gt": 2,
          "pred": 52,
          "tp": 2,
          "fp": 50,
          "precision": 0.038461538461538464,
          "recall": 1.0,
          "ap": 0.2222222222222222
        },
        "screwdriver": {
          "gt": 2,
          "pred": 24,
          "tp": 1,
          "fp": 23,
          "precision": 0.041666666666666664,
          "recall": 0.5,
          "ap": 0.16666666666666666
        },
        "wrench": {
          "gt": 3,
          "pred": 237,
          "tp": 3,
          "fp": 234,
          "precision": 0.012658227848101266,
          "recall": 1.0,
          "ap": 0.22880116959064326
        }
      },
      "avg_time_sec": 0.046105769998393956
    },
    "owlv2": {
      "map50": 0.8894444444444444,
      "map50_95": 0.7185159351006808,
      "precision50": 0.028282828282828285,
      "recall50": 1.0,
      "per_class50": {
        "drill": {
          "gt": 5,
          "pred": 119,
          "tp": 5,
          "fp": 114,
          "precision": 0.04201680672268908,
          "recall": 1.0,
          "ap": 0.5805555555555556
        },
        "hammer": {
          "gt": 2,
          "pred": 52,
          "tp": 2,
          "fp": 50,
          "precision": 0.038461538461538464,
          "recall": 1.0,
          "ap": 1.0
        },
        "pliers": {
          "gt": 2,
          "pred": 17,
          "tp": 2,
          "fp": 15,
          "precision": 0.11764705882352941,
          "recall": 1.0,
          "ap": 1.0
        },
        "screwdriver": {
          "gt": 2,
          "pred": 122,
          "tp": 2,
          "fp": 120,
          "precision": 0.01639344262295082,
          "recall": 1.0,
          "ap": 1.0
        },
        "wrench": {
          "gt": 3,
          "pred": 185,
          "tp": 3,
          "fp": 182,
          "precision": 0.016216216216216217,
          "recall": 1.0,
          "ap": 0.8666666666666667
        }
      },
      "avg_time_sec": 0.18609572000277694
    },
    "grounding_dino": {
      "map50": 0.05339952688126955,
      "map50_95": 0.018184478088477136,
      "precision50": 0.0024411895250776743,
      "recall50": 0.7857142857142857,
      "per_class50": {
        "drill": {
          "gt": 5,
          "pred": 2719,
          "tp": 5,
          "fp": 2714,
          "precision": 0.0018389113644722325,
          "recall": 1.0,
          "ap": 0.02954931037265788
        },
        "hammer": {
          "gt": 2,
          "pred": 635,
          "tp": 1,
          "fp": 634,
          "precision": 0.0015748031496062992,
          "recall": 0.5,
          "ap": 0.0022727272727272726
        },
        "pliers": {
          "gt": 2,
          "pred": 542,
          "tp": 2,
          "fp": 540,
          "precision": 0.0036900369003690036,
          "recall": 1.0,
          "ap": 0.2159090909090909
        },
        "screwdriver": {
          "gt": 2,
          "pred": 470,
          "tp": 2,
          "fp": 468,
          "precision": 0.00425531914893617,
          "recall": 1.0,
          "ap": 0.016885553470919325
        },
        "wrench": {
          "gt": 3,
          "pred": 140,
          "tp": 1,
          "fp": 139,
          "precision": 0.007142857142857143,
          "recall": 0.3333333333333333,
          "ap": 0.0023809523809523807
        }
      },
      "avg_time_sec": 0.7453455799986841
    }
  }
}