{
  "num_images": 157,
  "num_gt_boxes": 295,
  "sample_per_class": 40,
  "seed": 42,
  "classes": [
    "hammer",
    "pliers",
    "screwdriver",
    "wrench"
  ],
  "missing_requested_classes": [
    "drill"
  ],
  "models": {
    "yolo": {
      "map50": 0.8573360558349715,
      "map50_95": 0.5865871159808997,
      "precision50": 0.3800578034682081,
      "recall50": 0.8915254237288136,
      "per_class50": {
        "hammer": {
          "gt": 59,
          "pred": 164,
          "tp": 58,
          "fp": 106,
          "precision": 0.35365853658536583,
          "recall": 0.9830508474576272,
          "ap": 0.9378427243755174
        },
        "pliers": {
          "gt": 67,
          "pred": 170,
          "tp": 64,
          "fp": 106,
          "precision": 0.3764705882352941,
          "recall": 0.9552238805970149,
          "ap": 0.9042261767562355
        },
        "screwdriver": {
          "gt": 76,
          "pred": 225,
          "tp": 66,
          "fp": 159,
          "precision": 0.29333333333333333,
          "recall": 0.868421052631579,
          "ap": 0.785208483231485
        },
        "wrench": {
          "gt": 93,
          "pred": 133,
          "tp": 75,
          "fp": 58,
          "precision": 0.5639097744360902,
          "recall": 0.8064516129032258,
          "ap": 0.8020668389766483
        }
      },
      "avg_time_sec": 0.030016407005193757
    },
    "owl_vit": {
      "map50": 0.3979664909593017,
      "map50_95": 0.3073242897128864,
      "precision50": 0.22249093107617895,
      "recall50": 0.6237288135593221,
      "per_class50": {
        "hammer": {
          "gt": 59,
          "pred": 37,
          "tp": 19,
          "fp": 18,
          "precision": 0.5135135135135135,
          "recall": 0.3220338983050847,
          "ap": 0.2902790232770838
        },
        "pliers": {
          "gt": 67,
          "pred": 155,
          "tp": 37,
          "fp": 118,
          "precision": 0.23870967741935484,
          "recall": 0.5522388059701493,
          "ap": 0.36710270057232997
        },
        "screwdriver": {
          "gt": 76,
          "pred": 201,
          "tp": 48,
          "fp": 153,
          "precision": 0.23880597014925373,
          "recall": 0.631578947368421,
          "ap": 0.40841966881100095
        },
        "wrench": {
          "gt": 93,
          "pred": 434,
          "tp": 80,
          "fp": 354,
          "precision": 0.18433179723502305,
          "recall": 0.8602150537634409,
          "ap": 0.526064571176792
        }
      },
      "avg_time_sec": 0.11915320891736425
    },
    "owlv2": {
      "map50": 0.759320640315676,
      "map50_95": 0.5910641994046919,
      "precision50": 0.18518518518518517,
      "recall50": 0.8983050847457628,
      "per_class50": {
        "hammer": {
          "gt": 59,
          "pred": 108,
          "tp": 41,
          "fp": 67,
          "precision": 0.37962962962962965,
          "recall": 0.6949152542372882,
          "ap": 0.6308038865476793
        },
        "pliers": {
          "gt": 67,
          "pred": 258,
          "tp": 64,
          "fp": 194,
          "precision": 0.24806201550387597,
          "recall": 0.9552238805970149,
          "ap": 0.8838085202897947
        },
        "screwdriver": {
          "gt": 76,
          "pred": 712,
          "tp": 74,
          "fp": 638,
          "precision": 0.10393258426966293,
          "recall": 0.9736842105263158,
          "ap": 0.8210316121036086
        },
        "wrench": {
          "gt": 93,
          "pred": 353,
          "tp": 86,
          "fp": 267,
          "precision": 0.24362606232294617,
          "recall": 0.9247311827956989,
          "ap": 0.7016385423216215
        }
      },
      "avg_time_sec": 2.8119305891732265
    },
    "grounding_dino": {
      "map50": 0.02157068721007841,
      "map50_95": 0.012103950412581452,
      "precision50": 0.057799442896935935,
      "recall50": 0.28135593220338984,
      "per_class50": {
        "hammer": {
          "gt": 59,
          "pred": 332,
          "tp": 20,
          "fp": 312,
          "precision": 0.060240963855421686,
          "recall": 0.3389830508474576,
          "ap": 0.025474174704105703
        },
        "pliers": {
          "gt": 67,
          "pred": 402,
          "tp": 19,
          "fp": 383,
          "precision": 0.0472636815920398,
          "recall": 0.2835820895522388,
          "ap": 0.015278053734784101
        },
        "screwdriver": {
          "gt": 76,
          "pred": 362,
          "tp": 18,
          "fp": 344,
          "precision": 0.049723756906077346,
          "recall": 0.23684210526315788,
          "ap": 0.02049023445436366
        },
        "wrench": {
          "gt": 93,
          "pred": 340,
          "tp": 26,
          "fp": 314,
          "precision": 0.07647058823529412,
          "recall": 0.27956989247311825,
          "ap": 0.025040285947060186
        }
      },
      "avg_time_sec": 0.4083915490447247
    }
  }
}